{
  "data":{
    "body":[
      {
        "OP_ACCEPT":"0",
        "OP_CANCEL":"0",
        "OP_CHARGE":"0",
        "OP_DISCHARGE":"0",
        "OP_REJECT":"0",
        "OP_CHECKLIST":"OP_CANCEL|OP_DISCHARGE",
        "APPLYNO":"41162463",
        "SERIALNO":"279031",
        "PATIENTID":"",
        "CURENO":"815163",
        "LOGNO":"15095016",
        "HISAPPLYNO":"16274102",
        "GROUPNO":"46575741",
        "HISORDERCODE":"64202",
        "HISORDERNAME":"急诊尿常规",
        "ITEMTYPE":"0",
        "LISORDERCODE":"064202",
        "ITEMQTY":"1",
        "PRICE":"30",
        "ITEMUNIT":"",
        "APPLYTIME":"2015-08-01 00:33:59",
        "RECEIVETIME":"2015-08-01 00:35:16",
        "APPLYDEPTCODE":"2034",
        "APPLYDEPTNAME":"外科三",
        "APPLYDOCCODE":"11995",
        "APPLYDOCNAME":"李仲南",
        "EXECDEPTCODE":"",
        "EXECDEPTNAME":"",
        "OPERATORCODE":"78181",
        "OPERATORNAME":"叶雪蓉",
        "ADDTYPE":"0",
        "ADDTYPEDESC":"下载",
        "STATUS":"1",
        "STATUSDESC":"已确认",
        "CHARGEFLAG":"1",
        "CHARGEFLAGDESC":"已收费",
        "CLINICDESC":"",
        "SAMPLECODE":"2",
        "SAMPLENAME":"尿",
        "GHXH":"",
        "TXM":"48012882180P",
        "ORDERNO":"41162392",
        "TXMSTATUS":"0",
        "ACCOUNTTYPE":"",
        "ACCOUNTTYPEDESC":"333333",
        "REASON":"",
        "ENTRUST":"222",
        "MJZBZ":"1"
      },
      {
        "OP_ACCEPT":"0",
        "OP_CANCEL":"0",
        "OP_CHARGE":"0",
        "OP_DISCHARGE":"0",
        "OP_REJECT":"0",
        "OP_CHECKLIST":"OP_CANCEL|OP_DISCHARGE",
        "APPLYNO":"41162453",
        "SERIALNO":"279032",
        "PATIENTID":"",
        "CURENO":"815163",
        "LOGNO":"15095017",
        "HISAPPLYNO":"16274103",
        "GROUPNO":"46575742",
        "HISORDERCODE":"64245",
        "HISORDERNAME":"血气分析",
        "ITEMTYPE":"0",
        "LISORDERCODE":"064245",
        "ITEMQTY":"1",
        "PRICE":"52",
        "ITEMUNIT":"",
        "APPLYTIME":"2015-08-01 00:33:59",
        "RECEIVETIME":"2015-08-01 00:35:17",
        "APPLYDEPTCODE":"2034",
        "APPLYDEPTNAME":"外科三",
        "APPLYDOCCODE":"11995",
        "APPLYDOCNAME":"李仲南",
        "EXECDEPTCODE":"321",
        "EXECDEPTNAME":"",
        "OPERATORCODE":"78181",
        "OPERATORNAME":"叶雪蓉",
        "ADDTYPE":"0",
        "ADDTYPEDESC":"下载",
        "STATUS":"1",
        "STATUSDESC":"已确认",
        "CHARGEFLAG":"1",
        "CHARGEFLAGDESC":"已收费",
        "CLINICDESC":"1",
        "SAMPLECODE":"1000",
        "SAMPLENAME":"动脉血",
        "GHXH":"",
        "TXM":"08012882181P",
        "ORDERNO":"41162393",
        "TXMSTATUS":"1",
        "ACCOUNTTYPE":"",
        "ACCOUNTTYPEDESC":"",
        "REASON":"",
        "ENTRUST":"",
        "MJZBZ":"1"
      }
    ],
    "title":[
      {
        "name":"项目名称",
        "code":"ITEMNAME",
        "width":"150",
        "isEdit":false
      },
      {
        "name":"单价",
        "code":"PRICE",
        "width":"60",
        "isEdit":false
      },
      {
        "name":"状态",
        "code":"STATUSDESC",
        "width":"60",
        "isEdit":false
      },
      {
        "name":"费用",
        "code":"CHARGEFLAGDESC",
        "width":"100",
        "isEdit":false
      },
      {
        "name":"申请科室",
        "code":"APPLYDEPTNAME",
        "width":"80",
        "isEdit":false
      },
      {
        "name":"申请医生",
        "code":"APPLYDOCNAME",
        "width":"100",
        "isEdit":false
      },
      {
        "name":"申请时间",
        "code":"APPLYTIME",
        "width":"100",
        "isEdit":false
      },
      {
        "name":"类型",
        "code":"ADDTYPEDESC",
        "width":"100",
        "isEdit":false
      },
      {
        "name":"临床诊断",
        "code":"CLINICDESC",
        "width":"100",
        "isEdit":false
      },
      {
        "name":"嘱托",
        "code":"ENTRUST",
        "width":"100",
        "isEdit":false
      },
      {
        "name":"嘱托",
        "code":"ENTRUST",
        "width":"100",
        "isEdit":false
      },
      {
        "name":"执行科室",
        "code":"EXECDEPTNAME",
        "width":"100",
        "isEdit":false
      },
      {
        "name":"数量",
        "code":"ITEMQTY",
        "width":"100",
        "isEdit":false
      },
      {
        "name":"单位",
        "code":"UNIT",
        "width":"100",
        "isEdit":false
      },
      {
        "name":"记账类型",
        "code":"ACCOUNTTYPEDESC",
        "width":"100",
        "isEdit":false
      }
    ]
  },
  "failtCode":"",
  "link":"",
  "message":"",
  "messageCode":"",
  "type":"SUCCESS"
}
