{
  "data": {
    "countlist": [
      {
        "PERCENT": "10%",
        "NODETYPE": "CHARGEFLAG",
        "SUM": 0,
        "AVAILABLE": true,
        "NODENAME": "已收费报告",
        "CODE": "001"
      },
      {
        "PERCENT": "100%",
        "NODETYPE": "UNCHARGEFLAG",
        "SUM": 9,
        "AVAILABLE": true,
        "NODENAME": "未收费报告",
        "CODE": "002"
      },
      {
        "PERCENT": "0%",
        "NODETYPE": "REFUNDFLAG",
        "SUM": 0,
        "AVAILABLE": true,
        "NODENAME": "退费报告",
        "CODE": "003"
      },
      {
        "PERCENT": "0%",
        "NODETYPE": "MJZBZFLAG",
        "SUM": 0,
        "AVAILABLE": true,
        "NODENAME": "加急报告",
        "CODE": "004"
      },
      {
        "PERCENT": "100%",
        "NODETYPE": "PANICFLAG",
        "SUM": 9,
        "AVAILABLE": true,
        "NODENAME": "危急值报告",
        "CODE": "005"
      },
      {
        "PERCENT": "11%",
        "NODETYPE": "REDO",
        "SUM": 1,
        "AVAILABLE": true,
        "NODENAME": "复做报告",
        "CODE": "006"
      },
      {
        "PERCENT": "0%",
        "NODETYPE": "DELIVERYFLAG",
        "SUM": 0,
        "AVAILABLE": true,
        "NODENAME": "外送检测报告",
        "CODE": "007"
      },
      {
        "PERCENT": "11%",
        "NODETYPE": "RECYCLEFLAG",
        "SUM": 1,
        "AVAILABLE": true,
        "NODENAME": "回收报告",
        "CODE": "008"
      }
    ],
    "reportlist": [
      {
        "APPLYNO": 1625,
        "MJZBZ": 0,
        "REDO": 1,
        "PANICFLAG": 1,
        "SRCLAB": "9999",
        "TARGETLAB": "9999",
        "STATUS": 50,
        "EXECTIME": "2010-02-27 00:00:00",
        "TECHNO": 81,
        "BRLX": "0",
        "PATIENTID": "27190",
        "CURENO": "27190",
        "CARDNO": "",
        "HOSPNO": "448490              ",
        "PATNAME": "阮喜观",
        "SEX": "1",
        "SEXDESC": "男",
        "AGE": 62,
        "AGEUNIT": "岁    ",
        "AGEDESC": "62岁    ",
        "WARD": "1023",
        "WARDNAME": "外三科病房",
        "BEDNO": "80",
        "CLINICDESC": "?",
        "INSTID": 8,
        "INSTNAME": "SF810-1                                 ",
        "HISORDERCODE": "",
        "HISORDERNAME": "",
        "CHARGEAMOUNT": 0,
        "REMARK": "",
        "YEXH": "0",
        "TIMES": 0,
        "VERIFIERCODE": "",
        "EXECDOCCODE": "5127",
        "EXAMCODE": "2",
        "EXAMNAME": "临检",
        "STATUSNAME": "已审核",
        "OP_CHECK": false,
        "REFUNDFLAG": "0",
        "CHARGEFLAG": "0",
        "UNCHARGEFLAG": "1",
        "MJZBZFLAG": "0",
        "RECYCLEFLAG": "0",
        "DELIVERYFLAG": "0"
      },
      {
        "APPLYNO": 1641,
        "MJZBZ": 0,
        "REDO": 0,
        "PANICFLAG": 1,
        "SRCLAB": "9999",
        "TARGETLAB": "9999",
        "STATUS": 50,
        "EXECTIME": "2010-02-28 00:00:00",
        "TECHNO": 85,
        "BRLX": "0",
        "PATIENTID": "25186",
        "CURENO": "25186",
        "CARDNO": "",
        "HOSPNO": "446486              ",
        "PATNAME": "陈家炎",
        "SEX": "1",
        "SEXDESC": "男",
        "AGE": 59,
        "AGEUNIT": "岁    ",
        "AGEDESC": "59岁    ",
        "WARD": "1023",
        "WARDNAME": "外三科病房",
        "BEDNO": "73",
        "CLINICDESC": "?",
        "INSTID": 8,
        "INSTNAME": "SF810-1                                 ",
        "HISORDERCODE": "",
        "HISORDERNAME": "",
        "CHARGEAMOUNT": 0,
        "REMARK": "",
        "YEXH": "0",
        "TIMES": 0,
        "VERIFIERCODE": "",
        "EXECDOCCODE": "5127",
        "EXAMCODE": "2",
        "EXAMNAME": "临检",
        "STATUSNAME": "已审核",
        "OP_CHECK": false,
        "REFUNDFLAG": "0",
        "CHARGEFLAG": "0",
        "UNCHARGEFLAG": "1",
        "MJZBZFLAG": "0",
        "RECYCLEFLAG": "1",
        "DELIVERYFLAG": "0"
      },
      {
        "APPLYNO": 2466,
        "MJZBZ": 0,
        "REDO": 0,
        "PANICFLAG": 1,
        "SRCLAB": "9999",
        "TARGETLAB": "9999",
        "STATUS": 50,
        "EXECTIME": "2010-03-03 00:00:00",
        "TECHNO": 7,
        "BRLX": "0",
        "PATIENTID": "25186",
        "CURENO": "25186",
        "CARDNO": "",
        "HOSPNO": "446486              ",
        "PATNAME": "陈家炎",
        "SEX": "1",
        "SEXDESC": "男",
        "AGE": 59,
        "AGEUNIT": "岁    ",
        "AGEDESC": "59岁    ",
        "WARD": "1023",
        "WARDNAME": "外三科病房",
        "BEDNO": "73",
        "CLINICDESC": "",
        "INSTID": 8,
        "INSTNAME": "SF810-1                                 ",
        "HISORDERCODE": "",
        "HISORDERNAME": "",
        "CHARGEAMOUNT": 0,
        "REMARK": "",
        "YEXH": "0",
        "TIMES": 0,
        "VERIFIERCODE": "",
        "EXECDOCCODE": "5136",
        "EXAMCODE": "2",
        "EXAMNAME": "临检",
        "STATUSNAME": "已审核",
        "OP_CHECK": false,
        "REFUNDFLAG": "0",
        "CHARGEFLAG": "0",
        "UNCHARGEFLAG": "1",
        "MJZBZFLAG": "0",
        "RECYCLEFLAG": "0",
        "DELIVERYFLAG": "0"
      },
      {
        "APPLYNO": 2765,
        "MJZBZ": 0,
        "REDO": 0,
        "PANICFLAG": 1,
        "SRCLAB": "9999",
        "TARGETLAB": "9999",
        "STATUS": 50,
        "EXECTIME": "2010-03-03 00:00:00",
        "TECHNO": 62,
        "BRLX": "0",
        "PATIENTID": "25186",
        "CURENO": "25186",
        "CARDNO": "",
        "HOSPNO": "446486              ",
        "PATNAME": "陈家炎",
        "SEX": "1",
        "SEXDESC": "男",
        "AGE": 59,
        "AGEUNIT": "岁    ",
        "AGEDESC": "59岁    ",
        "WARD": "1023",
        "WARDNAME": "外三科病房",
        "BEDNO": "73",
        "CLINICDESC": "",
        "INSTID": 8,
        "INSTNAME": "SF810-1                                 ",
        "HISORDERCODE": "",
        "HISORDERNAME": "",
        "CHARGEAMOUNT": 0,
        "REMARK": "",
        "YEXH": "0",
        "TIMES": 0,
        "VERIFIERCODE": "",
        "EXECDOCCODE": "5142",
        "EXAMCODE": "2",
        "EXAMNAME": "临检",
        "STATUSNAME": "已审核",
        "OP_CHECK": false,
        "REFUNDFLAG": "0",
        "CHARGEFLAG": "0",
        "UNCHARGEFLAG": "1",
        "MJZBZFLAG": "0",
        "RECYCLEFLAG": "0",
        "DELIVERYFLAG": "0"
      },
      {
        "APPLYNO": 3062,
        "MJZBZ": 0,
        "REDO": 0,
        "PANICFLAG": 1,
        "SRCLAB": "9999",
        "TARGETLAB": "9999",
        "STATUS": 50,
        "EXECTIME": "2010-03-04 00:00:00",
        "TECHNO": 2,
        "BRLX": "0",
        "PATIENTID": "25186",
        "CURENO": "25186",
        "CARDNO": "",
        "HOSPNO": "446486              ",
        "PATNAME": "陈家炎",
        "SEX": "1",
        "SEXDESC": "男",
        "AGE": 59,
        "AGEUNIT": "岁    ",
        "AGEDESC": "59岁    ",
        "WARD": "1023",
        "WARDNAME": "外三科病房",
        "BEDNO": "73",
        "CLINICDESC": "待查",
        "INSTID": 8,
        "INSTNAME": "SF810-1                                 ",
        "HISORDERCODE": "",
        "HISORDERNAME": "",
        "CHARGEAMOUNT": 0,
        "REMARK": "",
        "YEXH": "0",
        "TIMES": 0,
        "VERIFIERCODE": "",
        "EXECDOCCODE": "5133",
        "EXAMCODE": "2",
        "EXAMNAME": "临检",
        "STATUSNAME": "已审核",
        "OP_CHECK": false,
        "REFUNDFLAG": "0",
        "CHARGEFLAG": "0",
        "UNCHARGEFLAG": "1",
        "MJZBZFLAG": "0",
        "RECYCLEFLAG": "0",
        "DELIVERYFLAG": "0"
      },
      {
        "APPLYNO": 3986,
        "MJZBZ": 0,
        "REDO": 0,
        "PANICFLAG": 1,
        "SRCLAB": "9999",
        "TARGETLAB": "9999",
        "STATUS": 50,
        "EXECTIME": "2010-03-08 00:00:00",
        "TECHNO": 69,
        "BRLX": "0",
        "PATIENTID": "25186",
        "CURENO": "25186",
        "CARDNO": "",
        "HOSPNO": "446486              ",
        "PATNAME": "陈家炎",
        "SEX": "1",
        "SEXDESC": "男",
        "AGE": 59,
        "AGEUNIT": "岁    ",
        "AGEDESC": "59岁    ",
        "WARD": "1023",
        "WARDNAME": "外三科病房",
        "BEDNO": "73",
        "CLINICDESC": "待查",
        "INSTID": 8,
        "INSTNAME": "SF810-1                                 ",
        "HISORDERCODE": "",
        "HISORDERNAME": "",
        "CHARGEAMOUNT": 0,
        "REMARK": "",
        "YEXH": "0",
        "TIMES": 0,
        "VERIFIERCODE": "5189",
        "EXECDOCCODE": "5189",
        "EXAMCODE": "2",
        "EXAMNAME": "临检",
        "STATUSNAME": "已审核",
        "OP_CHECK": false,
        "REFUNDFLAG": "0",
        "CHARGEFLAG": "0",
        "UNCHARGEFLAG": "1",
        "MJZBZFLAG": "0",
        "RECYCLEFLAG": "0",
        "DELIVERYFLAG": "0"
      },
      {
        "APPLYNO": 6179,
        "MJZBZ": 0,
        "REDO": 0,
        "PANICFLAG": 1,
        "SRCLAB": "9999",
        "TARGETLAB": "9999",
        "STATUS": 50,
        "EXECTIME": "2010-03-12 00:00:00",
        "TECHNO": 2,
        "BRLX": "0",
        "PATIENTID": "25186",
        "CURENO": "25186",
        "CARDNO": "",
        "HOSPNO": "446486              ",
        "PATNAME": "陈家炎",
        "SEX": "1",
        "SEXDESC": "男",
        "AGE": 59,
        "AGEUNIT": "岁    ",
        "AGEDESC": "59岁    ",
        "WARD": "1023",
        "WARDNAME": "外三科病房",
        "BEDNO": "73",
        "CLINICDESC": "待查",
        "INSTID": 8,
        "INSTNAME": "SF810-1                                 ",
        "HISORDERCODE": "",
        "HISORDERNAME": "",
        "CHARGEAMOUNT": 0,
        "REMARK": "",
        "YEXH": "0",
        "TIMES": 0,
        "VERIFIERCODE": "",
        "EXECDOCCODE": "5898",
        "EXAMCODE": "2",
        "EXAMNAME": "临检",
        "STATUSNAME": "已审核",
        "OP_CHECK": false,
        "REFUNDFLAG": "0",
        "CHARGEFLAG": "0",
        "UNCHARGEFLAG": "1",
        "MJZBZFLAG": "0",
        "RECYCLEFLAG": "0",
        "DELIVERYFLAG": "0"
      },
      {
        "APPLYNO": 11144,
        "MJZBZ": 0,
        "REDO": 0,
        "PANICFLAG": 1,
        "SRCLAB": "9999",
        "TARGETLAB": "9999",
        "STATUS": 50,
        "EXECTIME": "2010-03-16 00:00:00",
        "TECHNO": 91,
        "BRLX": "0",
        "PATIENTID": "29448",
        "CURENO": "29448",
        "CARDNO": "",
        "HOSPNO": "450748              ",
        "PATNAME": "丁胜全",
        "SEX": "1",
        "SEXDESC": "男",
        "AGE": 48,
        "AGEUNIT": "岁    ",
        "AGEDESC": "48岁    ",
        "WARD": "1023",
        "WARDNAME": "外三科病房",
        "BEDNO": "70",
        "CLINICDESC": "",
        "INSTID": 8,
        "INSTNAME": "SF810-1                                 ",
        "HISORDERCODE": "",
        "HISORDERNAME": "",
        "CHARGEAMOUNT": 0,
        "REMARK": "",
        "YEXH": "0",
        "TIMES": 0,
        "VERIFIERCODE": "",
        "EXECDOCCODE": "5137",
        "EXAMCODE": "2",
        "EXAMNAME": "临检",
        "STATUSNAME": "已审核",
        "OP_CHECK": false,
        "REFUNDFLAG": "0",
        "CHARGEFLAG": "0",
        "UNCHARGEFLAG": "1",
        "MJZBZFLAG": "0",
        "RECYCLEFLAG": "0",
        "DELIVERYFLAG": "0"
      },
      {
        "APPLYNO": 16771,
        "MJZBZ": 0,
        "REDO": 0,
        "PANICFLAG": 1,
        "SRCLAB": "9999",
        "TARGETLAB": "9999",
        "STATUS": 50,
        "EXECTIME": "2010-03-20 00:00:00",
        "TECHNO": 2,
        "BRLX": "0",
        "PATIENTID": "29973",
        "CURENO": "29973",
        "CARDNO": "",
        "HOSPNO": "451273              ",
        "PATNAME": "苏红军",
        "SEX": "1",
        "SEXDESC": "男",
        "AGE": 21,
        "AGEUNIT": "岁    ",
        "AGEDESC": "21岁    ",
        "WARD": "1023",
        "WARDNAME": "外三科病房",
        "BEDNO": "+1",
        "CLINICDESC": "",
        "INSTID": 8,
        "INSTNAME": "SF810-1                                 ",
        "HISORDERCODE": "",
        "HISORDERNAME": "",
        "CHARGEAMOUNT": 0,
        "REMARK": "",
        "YEXH": "0",
        "TIMES": 0,
        "VERIFIERCODE": "",
        "EXECDOCCODE": "5162",
        "EXAMCODE": "2",
        "EXAMNAME": "临检",
        "STATUSNAME": "已审核",
        "OP_CHECK": false,
        "REFUNDFLAG": "0",
        "CHARGEFLAG": "0",
        "UNCHARGEFLAG": "1",
        "MJZBZFLAG": "0",
        "RECYCLEFLAG": "0",
        "DELIVERYFLAG": "0"
      }
    ]
  },
  "failtCode": "",
  "funName": "",
  "link": "",
  "message": "",
  "messageCode": "",
  "requstUrl": "",
  "type": "SUCCESS"
}
