{
  "title":[
    {
      "name": "条码分组",
      "minWidth": "150px",
      "code":"BARGROUP"
    },{
      "name": "检测项目",
      "minWidth": "118px",
      "code":""
    },{
      "name": "申请科室",
      "minWidth": "90px",
      "code":""
    },{
      "name": "单价",
      "minWidth": "73px",
      "code":"PRICE"
    },{
      "name": "申请医生",
      "minWidth": "90px",
      "code":""
    },{
      "name": "申请时间",
      "minWidth": "130px",
      "code":"APPLYTIME"
    },{
      "name": "收费状态",
      "minWidth": "80px",
      "code":"CHARGEFLAGDESC"
    },{
      "name": "嘱托",
      "minWidth": "180px",
      "code":"ENTRUST"
    },{
      "name": "数量",
      "minWidth": "94px",
      "code":"ITEMQTY"
    }
  ],
  "data":[
    {
      "type":1,
      "serum":"血清",
      "color":"紫",
      "unit":"5ml",
      "average":"混匀5次",
      "code":"000123456781",
      "minWidth": "150px",
      "otherRowUp":false,
      "children":[
        {
          "id":"03",
          "isCheck":false,
          "children":[
            {
              "value":"肝功能组合2",
              "title":"检测项目",
              "width":"118px",
              "groupMenu":false
            },
            {
              "value":"外科",
              "title":"申请科室",
              "width":"90px"
            },
            {
              "value":"12.00",
              "title":"单价",
              "width":"73px"
            },
            {
              "value":"张三",
              "title":"申请医生",
              "width":"90px"
            },
            {
              "value":"2017-06-01 19:20:23 6",
              "title":"申请时间",
              "width":"150px"
            },
            {
              "value":"未收费",
              "title":"收费状态",
              "width":"80px"
            },
            {
              "value":"后穹窿穿刺血",
              "title":"嘱托",
              "width":"180px"
            },
            {
              "value":"1",
              "title":"数量",
              "width":"94px"
            }
          ]
        },
        {
          "id":"03",
          "isCheck":true,
          "children":[
            {
              "value":"肝功能组合2",
              "title":"检测项目",
              "width":"118px",
              "groupMenu":false
            },
            {
              "value":"外科",
              "title":"申请科室",
              "width":"90px"
            },
            {
              "value":"12.00",
              "title":"单价",
              "width":"73px"
            },
            {
              "value":"张三",
              "title":"申请医生",
              "width":"90px"
            },
            {
              "value":"2017-06-01 19:20:23 6",
              "title":"申请时间",
              "width":"150px"
            },
            {
              "value":"未收费",
              "title":"收费状态",
              "width":"80px"
            },
            {
              "value":"后穹窿穿刺血",
              "title":"嘱托",
              "width":"180px"
            },
            {
              "value":"1",
              "title":"数量",
              "width":"94px"
            }
          ]
        }
      ]
    },
    {
      "type":1,
      "serum":"血清",
      "color":"紫",
      "unit":"5ml",
      "average":"混匀5次",
      "code":"000123456781",
      "minWidth": "130px",
      "otherRowUp":false,
      "children":[
        {
          "id":"03",
          "isCheck":false,
          "children":[
            {
              "value":"肝功能组合2",
              "title":"检测项目",
              "width":"118px",
              "groupMenu":false
            },
            {
              "value":"外科",
              "title":"申请科室",
              "width":"90px"
            },
            {
              "value":"12.00",
              "title":"单价",
              "width":"73px"
            },
            {
              "value":"张三",
              "title":"申请医生",
              "width":"90px"
            },
            {
              "value":"2017-06-01 19:20:23 6",
              "title":"申请时间",
              "width":"150px"
            },
            {
              "value":"未收费",
              "title":"收费状态",
              "width":"80px"
            },
            {
              "value":"后穹窿穿刺血",
              "title":"嘱托",
              "width":"180px"
            },
            {
              "value":"1",
              "title":"数量",
              "width":"94px"
            }
          ]
        },
        {
          "id":"03",
          "isCheck":true,
          "children":[
            {
              "value":"肝功能组合2",
              "title":"检测项目",
              "width":"118px",
              "groupMenu":false
            },
            {
              "value":"外科",
              "title":"申请科室",
              "width":"90px"
            },
            {
              "value":"12.00",
              "title":"单价",
              "width":"73px"
            },
            {
              "value":"张三",
              "title":"申请医生",
              "width":"90px"
            },
            {
              "value":"2017-06-01 19:20:23 6",
              "title":"申请时间",
              "width":"150px"
            },
            {
              "value":"未收费",
              "title":"收费状态",
              "width":"80px"
            },
            {
              "value":"后穹窿穿刺血",
              "title":"嘱托",
              "width":"180px"
            },
            {
              "value":"1",
              "title":"数量",
              "width":"94px"
            }
          ]
        },
        {
          "id":"03",
          "isCheck":false,
          "children":[
            {
              "value":"肝功能组合2",
              "title":"检测项目",
              "width":"118px",
              "groupMenu":false
            },
            {
              "value":"外科",
              "title":"申请科室",
              "width":"90px"
            },
            {
              "value":"12.00",
              "title":"单价",
              "width":"73px"
            },
            {
              "value":"张三",
              "title":"申请医生",
              "width":"90px"
            },
            {
              "value":"2017-06-01 19:20:23 6",
              "title":"申请时间",
              "width":"150px"
            },
            {
              "value":"未收费",
              "title":"收费状态",
              "width":"80px"
            },
            {
              "value":"后穹窿穿刺血",
              "title":"嘱托",
              "width":"180px"
            },
            {
              "value":"1",
              "title":"数量",
              "width":"94px"
            }
          ]
        },
        {
          "id":"03",
          "isCheck":false,
          "children":[
            {
              "value":"肝功能组合2",
              "title":"检测项目",
              "width":"118px",
              "groupMenu":false
            },
            {
              "value":"外科",
              "title":"申请科室",
              "width":"90px"
            },
            {
              "value":"12.00",
              "title":"单价",
              "width":"73px"
            },
            {
              "value":"张三",
              "title":"申请医生",
              "width":"90px"
            },
            {
              "value":"2017-06-01 19:20:23 6",
              "title":"申请时间",
              "width":"150px"
            },
            {
              "value":"未收费",
              "title":"收费状态",
              "width":"80px"
            },
            {
              "value":"后穹窿穿刺血",
              "title":"嘱托",
              "width":"180px"
            },
            {
              "value":"1",
              "title":"数量",
              "width":"94px"
            }
          ]
        },
        {
          "id":"03",
          "isCheck":false,
          "children":[
            {
              "value":"肝功能组合2",
              "title":"检测项目",
              "width":"118px",
              "groupMenu":false
            },
            {
              "value":"外科",
              "title":"申请科室",
              "width":"90px"
            },
            {
              "value":"12.00",
              "title":"单价",
              "width":"73px"
            },
            {
              "value":"张三",
              "title":"申请医生",
              "width":"90px"
            },
            {
              "value":"2017-06-01 19:20:23 6",
              "title":"申请时间",
              "width":"150px"
            },
            {
              "value":"未收费",
              "title":"收费状态",
              "width":"80px"
            },
            {
              "value":"后穹窿穿刺血",
              "title":"嘱托",
              "width":"180px"
            },
            {
              "value":"1",
              "title":"数量",
              "width":"94px"
            }
          ]
        },
        {
          "id":"03",
          "isCheck":false,
          "children":[
            {
              "value":"肝功能组合2",
              "title":"检测项目",
              "width":"118px",
              "groupMenu":false
            },
            {
              "value":"外科",
              "title":"申请科室",
              "width":"90px"
            },
            {
              "value":"12.00",
              "title":"单价",
              "width":"73px"
            },
            {
              "value":"张三",
              "title":"申请医生",
              "width":"90px"
            },
            {
              "value":"2017-06-01 19:20:23 6",
              "title":"申请时间",
              "width":"150px"
            },
            {
              "value":"未收费",
              "title":"收费状态",
              "width":"80px"
            },
            {
              "value":"后穹窿穿刺血",
              "title":"嘱托",
              "width":"180px"
            },
            {
              "value":"1",
              "title":"数量",
              "width":"94px"
            }
          ]
        }
      ]
    },
    {
      "type":1,
      "serum":"血清",
      "color":"紫",
      "unit":"5ml",
      "average":"混匀5次",
      "code":"000123456781",
      "minWidth": "130px",
      "otherRowUp":false,
      "children":[
        {
          "id":"03",
          "isCheck":false,
          "children":[
            {
              "value":"肝功能组合2",
              "title":"检测项目",
              "width":"118px",
              "groupMenu":false
            },
            {
              "value":"外科",
              "title":"申请科室",
              "width":"90px"
            },
            {
              "value":"12.00",
              "title":"单价",
              "width":"73px"
            },
            {
              "value":"张三",
              "title":"申请医生",
              "width":"90px"
            },
            {
              "value":"2017-06-01 19:20:23 6",
              "title":"申请时间",
              "width":"150px"
            },
            {
              "value":"未收费",
              "title":"收费状态",
              "width":"80px"
            },
            {
              "value":"后穹窿穿刺血",
              "title":"嘱托",
              "width":"180px"
            },
            {
              "value":"1",
              "title":"数量",
              "width":"94px"
            }
          ]
        }
      ]
    },
    {
      "type":1,
      "serum":"血清",
      "color":"紫",
      "unit":"5ml",
      "average":"混匀5次",
      "code":"000123456781",
      "minWidth": "130px",
      "otherRowUp":false,
      "children":[
        {
          "id":"03",
          "isCheck":false,
          "children":[
            {
              "value":"肝功能组合2",
              "title":"检测项目",
              "width":"118px",
              "groupMenu":false
            },
            {
              "value":"外科",
              "title":"申请科室",
              "width":"90px"
            },
            {
              "value":"12.00",
              "title":"单价",
              "width":"73px"
            },
            {
              "value":"张三",
              "title":"申请医生",
              "width":"90px"
            },
            {
              "value":"2017-06-01 19:20:23 6",
              "title":"申请时间",
              "width":"150px"
            },
            {
              "value":"未收费",
              "title":"收费状态",
              "width":"80px"
            },
            {
              "value":"后穹窿穿刺血",
              "title":"嘱托",
              "width":"180px"
            },
            {
              "value":"1",
              "title":"数量",
              "width":"94px"
            }
          ]
        },
        {
          "id":"03",
          "isCheck":false,
          "children":[
            {
              "value":"肝功能组合2",
              "title":"检测项目",
              "width":"118px",
              "groupMenu":false
            },
            {
              "value":"外科",
              "title":"申请科室",
              "width":"90px"
            },
            {
              "value":"12.00",
              "title":"单价",
              "width":"73px"
            },
            {
              "value":"张三",
              "title":"申请医生",
              "width":"90px"
            },
            {
              "value":"2017-06-01 19:20:23 6",
              "title":"申请时间",
              "width":"150px"
            },
            {
              "value":"未收费",
              "title":"收费状态",
              "width":"80px"
            },
            {
              "value":"后穹窿穿刺血",
              "title":"嘱托",
              "width":"180px"
            },
            {
              "value":"1",
              "title":"数量",
              "width":"94px"
            }
          ]
        },
        {
          "id":"03",
          "isCheck":false,
          "children":[
            {
              "value":"肝功能组合2",
              "title":"检测项目",
              "width":"118px",
              "groupMenu":false
            },
            {
              "value":"外科",
              "title":"申请科室",
              "width":"90px"
            },
            {
              "value":"12.00",
              "title":"单价",
              "width":"73px"
            },
            {
              "value":"张三",
              "title":"申请医生",
              "width":"90px"
            },
            {
              "value":"2017-06-01 19:20:23 6",
              "title":"申请时间",
              "width":"150px"
            },
            {
              "value":"未收费",
              "title":"收费状态",
              "width":"80px"
            },
            {
              "value":"后穹窿穿刺血",
              "title":"嘱托",
              "width":"180px"
            },
            {
              "value":"1",
              "title":"数量",
              "width":"94px"
            }
          ]
        },
        {
          "id":"03",
          "isCheck":false,
          "children":[
            {
              "value":"肝功能组合2",
              "title":"检测项目",
              "width":"118px",
              "groupMenu":false
            },
            {
              "value":"外科",
              "title":"申请科室",
              "width":"90px"
            },
            {
              "value":"12.00",
              "title":"单价",
              "width":"73px"
            },
            {
              "value":"张三",
              "title":"申请医生",
              "width":"90px"
            },
            {
              "value":"2017-06-01 19:20:23 6",
              "title":"申请时间",
              "width":"150px"
            },
            {
              "value":"未收费",
              "title":"收费状态",
              "width":"80px"
            },
            {
              "value":"后穹窿穿刺血",
              "title":"嘱托",
              "width":"180px"
            },
            {
              "value":"1",
              "title":"数量",
              "width":"94px"
            }
          ]
        },
        {
          "id":"03",
          "isCheck":false,
          "children":[
            {
              "value":"肝功能组合2",
              "title":"检测项目",
              "width":"118px",
              "groupMenu":false
            },
            {
              "value":"外科",
              "title":"申请科室",
              "width":"90px"
            },
            {
              "value":"12.00",
              "title":"单价",
              "width":"73px"
            },
            {
              "value":"张三",
              "title":"申请医生",
              "width":"90px"
            },
            {
              "value":"2017-06-01 19:20:23 6",
              "title":"申请时间",
              "width":"150px"
            },
            {
              "value":"未收费",
              "title":"收费状态",
              "width":"80px"
            },
            {
              "value":"后穹窿穿刺血",
              "title":"嘱托",
              "width":"180px"
            },
            {
              "value":"1",
              "title":"数量",
              "width":"94px"
            }
          ]
        },
        {
          "id":"03",
          "isCheck":false,
          "children":[
            {
              "value":"肝功能组合2",
              "title":"检测项目",
              "width":"118px",
              "groupMenu":false
            },
            {
              "value":"外科",
              "title":"申请科室",
              "width":"90px"
            },
            {
              "value":"12.00",
              "title":"单价",
              "width":"73px"
            },
            {
              "value":"张三",
              "title":"申请医生",
              "width":"90px"
            },
            {
              "value":"2017-06-01 19:20:23 6",
              "title":"申请时间",
              "width":"150px"
            },
            {
              "value":"未收费",
              "title":"收费状态",
              "width":"80px"
            },
            {
              "value":"后穹窿穿刺血",
              "title":"嘱托",
              "width":"180px"
            },
            {
              "value":"1",
              "title":"数量",
              "width":"94px"
            }
          ]
        }
      ]
    }
  ],
  "detellCode":"",
  "link":"",
  "message":"",
  "messageCode":"",
  "type":"SUCCESS"
}
