{
  "data":{
    "province":[
      {"key":"01","value":"安徽省"},
      {"key":"02","value":"江苏省"},
      {"key":"03","value":"浙江省"}
    ],
    "city":{
      "安徽省":[
        {"key":"01-01","value":"合肥市"}
      ],
      "江苏省":[
        {"key":"01-01","value":"南京市"}
      ]
    },
    "county":{
      "安徽省":{
        "合肥市":[
          {"key":"01-01","value":"高新区"},
          {"key":"01-01","value":"包河区"}
        ]
      },
      "江苏省":{
        "南京市":[
          {"key":"01-01","value":"同龄区"},
          {"key":"01-01","value":"下河区"}
        ]
      }
    }
  },
  "failtCode":"",
  "link":"",
  "message":"",
  "messageCode":"",
  "type":"SUCCESS"
}
