{
  "data": {
    "title":"采集注意事项及说明",
    "knowlagelist":"JSON先向患者做好解释工作，使之处于安状态先向患者做好解释工作，使之处于安做好解释工作，使之处于安状态先向患者做好解释工作，使之处于安状态 先向患者做好解释工作，使之处于安状态先向患者做好解释工作，使之处于安做好解释工作，使之处于安状态先向患者做好解释工作，使之处于安状态 先向患者做好解释工作，使之处于安状态先向患者做好解释工作，使之处于安做好解释工作，使之处于安状态先向患者做好解释工作，使之处于安状态。"
  },
  "failtCode": "",
  "link": "",
  "message": "",
  "messageCode": "",
  "type": "SUCCESS"
}
