{
  "data":{
    "LIS_REPORTINPUT.PATREG":[
      {
        "SERIALNO":247,
        "DOMAIN":0,
        "USERID":null,
        "HOSPITALCODE":null,
        "SUBSYSCODE":"LIMS",
        "MODULECODE":"LIS_REPORTINPUT.PATREG",
        "MODULENAME":"报告管理.患者登记",
        "TABLENAME":"LIS_LIST",
        "FIELDNAME":"WARDORREGNAME",
        "FIELDINTER":"WARDORREG",
        "FIELDDESC":"病人类型",
        "EDITOR":"combobox",
        "MEMCODE1":"brlx",
        "MEMCODE2":"WARDORREG",
        "REMARK":"病人类型",
        "ORDERNO":1,
        "RESERVEFIELD1":null,
        "RESERVEFIELD2":null,
        "RESERVEFIELD3":null,
        "RESERVEFIELD4":null,
        "RESERVEFIELD5":null,
        "VISIBLE":"1",
        "STOPFLAG":"0",
        "CLASSCODE":"病人类型",
        "IMENAME":"英文",
        "KEEPVALUE":"1",
        "READONLY":"0",
        "DEFVALUE":"1",
        "HINTCONTENT":null,
        "isStrict":false,
        "isAdd":false
      },
      {
        "SERIALNO":248,
        "DOMAIN":0,
        "USERID":null,
        "HOSPITALCODE":null,
        "SUBSYSCODE":"LIMS",
        "MODULECODE":"LIS_REPORTINPUT.PATREG",
        "MODULENAME":"报告管理.患者登记",
        "TABLENAME":"LIS_LIST",
        "FIELDNAME":"CARDNO",
        "FIELDINTER":"CARDNO",
        "FIELDDESC":"磁卡号",
        "EDITOR":"text",
        "MEMCODE1":"ckh",
        "MEMCODE2":"CARDNO",
        "REMARK":"磁卡号 F8-读卡",
        "ORDERNO":2,
        "RESERVEFIELD1":null,
        "RESERVEFIELD2":null,
        "RESERVEFIELD3":null,
        "RESERVEFIELD4":null,
        "RESERVEFIELD5":null,
        "VISIBLE":"1",
        "STOPFLAG":"0",
        "CLASSCODE":"",
        "IMENAME":"英文",
        "KEEPVALUE":"0",
        "READONLY":"0",
        "DEFVALUE":"",
        "HINTCONTENT":"刷卡或按F8读卡",
        "isStrict":false,
        "isAdd":false
      },
      {
        "SERIALNO":249,
        "DOMAIN":0,
        "USERID":null,
        "HOSPITALCODE":null,
        "SUBSYSCODE":"LIMS",
        "MODULECODE":"LIS_REPORTINPUT.PATREG",
        "MODULENAME":"报告管理.患者登记",
        "TABLENAME":"LIS_LIST",
        "FIELDNAME":"HOSPNO",
        "FIELDINTER":"HOSPNO",
        "FIELDDESC":"病员号",
        "EDITOR":"text",
        "MEMCODE1":"BYH",
        "MEMCODE2":"HOSPNO",
        "REMARK":"门诊：病员号 住院：住院号",
        "ORDERNO":3,
        "RESERVEFIELD1":null,
        "RESERVEFIELD2":null,
        "RESERVEFIELD3":null,
        "RESERVEFIELD4":null,
        "RESERVEFIELD5":null,
        "VISIBLE":"1",
        "STOPFLAG":"0",
        "CLASSCODE":"",
        "IMENAME":"英文",
        "KEEPVALUE":"0",
        "READONLY":"0",
        "DEFVALUE":"",
        "HINTCONTENT":null,
        "isStrict":false,
        "isAdd":false
      },
      {
        "SERIALNO":250,
        "DOMAIN":0,
        "USERID":null,
        "HOSPITALCODE":null,
        "SUBSYSCODE":"LIMS",
        "MODULECODE":"LIS_REPORTINPUT.PATREG",
        "MODULENAME":"报告管理.患者登记",
        "TABLENAME":"LIS_LIST",
        "FIELDNAME":"ORGAPPLYNO",
        "FIELDINTER":"ORGAPPLYNO",
        "FIELDDESC":"申请单号",
        "EDITOR":"text",
        "MEMCODE1":"SQDH",
        "MEMCODE2":"ORGAPPLYNO",
        "REMARK":"申请号或条码号",
        "ORDERNO":4,
        "RESERVEFIELD1":null,
        "RESERVEFIELD2":null,
        "RESERVEFIELD3":null,
        "RESERVEFIELD4":null,
        "RESERVEFIELD5":null,
        "VISIBLE":"1",
        "STOPFLAG":"0",
        "CLASSCODE":"",
        "IMENAME":"英文",
        "KEEPVALUE":"0",
        "READONLY":"0",
        "DEFVALUE":"",
        "HINTCONTENT":null,
        "isStrict":false,
        "isAdd":false
      },
      {
        "SERIALNO":251,
        "DOMAIN":0,
        "USERID":null,
        "HOSPITALCODE":null,
        "SUBSYSCODE":"LIMS",
        "MODULECODE":"LIS_REPORTINPUT.PATREG",
        "MODULENAME":"报告管理.患者登记",
        "TABLENAME":"LIS_LIST",
        "FIELDNAME":"PATNAME",
        "FIELDINTER":"PATNAME",
        "FIELDDESC":"患者姓名",
        "EDITOR":"text",
        "MEMCODE1":"BRXM",
        "MEMCODE2":"PATNAME",
        "REMARK":"患者姓名",
        "ORDERNO":5,
        "RESERVEFIELD1":null,
        "RESERVEFIELD2":null,
        "RESERVEFIELD3":null,
        "RESERVEFIELD4":null,
        "RESERVEFIELD5":null,
        "VISIBLE":"1",
        "STOPFLAG":"0",
        "CLASSCODE":"",
        "IMENAME":"中文",
        "KEEPVALUE":"0",
        "READONLY":"0",
        "DEFVALUE":"",
        "HINTCONTENT":null,
        "isStrict":false,
        "isAdd":false
      },
      {
        "SERIALNO":252,
        "DOMAIN":0,
        "USERID":null,
        "HOSPITALCODE":null,
        "SUBSYSCODE":"LIMS",
        "MODULECODE":"LIS_REPORTINPUT.PATREG",
        "MODULENAME":"报告管理.患者登记",
        "TABLENAME":"LIS_LIST",
        "FIELDNAME":"SEXDESC",
        "FIELDINTER":"SEX",
        "FIELDDESC":"性别",
        "EDITOR":"combobox",
        "MEMCODE1":"xb",
        "MEMCODE2":"SEX",
        "REMARK":"性别",
        "ORDERNO":6,
        "RESERVEFIELD1":null,
        "RESERVEFIELD2":null,
        "RESERVEFIELD3":null,
        "RESERVEFIELD4":null,
        "RESERVEFIELD5":null,
        "VISIBLE":"1",
        "STOPFLAG":"0",
        "CLASSCODE":"性别",
        "IMENAME":"英文",
        "KEEPVALUE":"1",
        "READONLY":"0",
        "DEFVALUE":"1",
        "HINTCONTENT":null,
        "isStrict":true,
        "isAdd":false
      },
      {
        "SERIALNO":253,
        "DOMAIN":0,
        "USERID":null,
        "HOSPITALCODE":null,
        "SUBSYSCODE":"LIMS",
        "MODULECODE":"LIS_REPORTINPUT.PATREG",
        "MODULENAME":"报告管理.患者登记",
        "TABLENAME":"LIS_LIST",
        "FIELDNAME":"AGE",
        "FIELDINTER":"AGE",
        "FIELDDESC":"年龄",
        "EDITOR":"text",
        "MEMCODE1":"nl",
        "MEMCODE2":"AGE",
        "REMARK":"年龄",
        "ORDERNO":7,
        "RESERVEFIELD1":null,
        "RESERVEFIELD2":null,
        "RESERVEFIELD3":null,
        "RESERVEFIELD4":null,
        "RESERVEFIELD5":null,
        "VISIBLE":"1",
        "STOPFLAG":"0",
        "CLASSCODE":"",
        "IMENAME":"英文",
        "KEEPVALUE":"0",
        "READONLY":"0",
        "DEFVALUE":"",
        "HINTCONTENT":null,
        "isStrict":false,
        "isAdd":false
      },
      {
        "SERIALNO":254,
        "DOMAIN":0,
        "USERID":null,
        "HOSPITALCODE":null,
        "SUBSYSCODE":"LIMS",
        "MODULECODE":"LIS_REPORTINPUT.PATREG",
        "MODULENAME":"报告管理.患者登记",
        "TABLENAME":"LIS_LIST",
        "FIELDNAME":"AGEUNIT",
        "FIELDINTER":"AGEUNIT",
        "FIELDDESC":"年龄单位",
        "EDITOR":"combobox",
        "MEMCODE1":"nldw",
        "MEMCODE2":"AGEUNIT",
        "REMARK":"年龄单位",
        "ORDERNO":8,
        "RESERVEFIELD1":null,
        "RESERVEFIELD2":null,
        "RESERVEFIELD3":null,
        "RESERVEFIELD4":null,
        "RESERVEFIELD5":null,
        "VISIBLE":"1",
        "STOPFLAG":"0",
        "CLASSCODE":"年龄单位",
        "IMENAME":"英文",
        "KEEPVALUE":"1",
        "READONLY":"0",
        "DEFVALUE":"岁",
        "HINTCONTENT":null,
        "isStrict":false,
        "isAdd":false
      },
      {
        "SERIALNO":255,
        "DOMAIN":0,
        "USERID":null,
        "HOSPITALCODE":null,
        "SUBSYSCODE":"LIMS",
        "MODULECODE":"LIS_REPORTINPUT.PATREG",
        "MODULENAME":"报告管理.患者登记",
        "TABLENAME":"LIS_LIST",
        "FIELDNAME":"SAMPLENAME",
        "FIELDINTER":"SAMPLECODE",
        "FIELDDESC":"标本种类",
        "EDITOR":"combobox",
        "MEMCODE1":"bbzl",
        "MEMCODE2":"SAMPLE",
        "REMARK":"标本种类，默认为仪器对应的标本",
        "ORDERNO":9,
        "RESERVEFIELD1":null,
        "RESERVEFIELD2":null,
        "RESERVEFIELD3":null,
        "RESERVEFIELD4":null,
        "RESERVEFIELD5":null,
        "VISIBLE":"1",
        "STOPFLAG":"0",
        "CLASSCODE":"样本类型",
        "IMENAME":"英文",
        "KEEPVALUE":"1",
        "READONLY":"0",
        "DEFVALUE":"",
        "HINTCONTENT":null,
        "isStrict":false,
        "isAdd":false
      },
      {
        "SERIALNO":256,
        "DOMAIN":0,
        "USERID":null,
        "HOSPITALCODE":null,
        "SUBSYSCODE":"LIMS",
        "MODULECODE":"LIS_REPORTINPUT.PATREG",
        "MODULENAME":"报告管理.患者登记",
        "TABLENAME":"LIS_LIST",
        "FIELDNAME":"APPLYDEPTNAME",
        "FIELDINTER":"APPLYDEPT",
        "FIELDDESC":"申请科室",
        "EDITOR":"text-search",
        "MEMCODE1":"sqks",
        "MEMCODE2":"APPLYDEPT",
        "REMARK":"申请科室",
        "ORDERNO":10,
        "RESERVEFIELD1":null,
        "RESERVEFIELD2":null,
        "RESERVEFIELD3":null,
        "RESERVEFIELD4":null,
        "RESERVEFIELD5":null,
        "VISIBLE":"1",
        "STOPFLAG":"0",
        "CLASSCODE":"申请科室",
        "IMENAME":"英文",
        "KEEPVALUE":"0",
        "READONLY":"0",
        "DEFVALUE":"",
        "HINTCONTENT":"输入科室简拼或代码检索",
        "isStrict":false,
        "isAdd":false
      },
      {
        "SERIALNO":257,
        "DOMAIN":0,
        "USERID":null,
        "HOSPITALCODE":null,
        "SUBSYSCODE":"LIMS",
        "MODULECODE":"LIS_REPORTINPUT.PATREG",
        "MODULENAME":"报告管理.患者登记",
        "TABLENAME":"LIS_LIST",
        "FIELDNAME":"WARDNAME",
        "FIELDINTER":"WARD",
        "FIELDDESC":"病区",
        "EDITOR":"text-search",
        "MEMCODE1":"bq",
        "MEMCODE2":"WARD",
        "REMARK":"病区",
        "ORDERNO":11,
        "RESERVEFIELD1":null,
        "RESERVEFIELD2":null,
        "RESERVEFIELD3":null,
        "RESERVEFIELD4":null,
        "RESERVEFIELD5":null,
        "VISIBLE":"1",
        "STOPFLAG":"0",
        "CLASSCODE":"申请病区",
        "IMENAME":"英文",
        "KEEPVALUE":"0",
        "READONLY":"0",
        "DEFVALUE":"",
        "HINTCONTENT":"输入病区简拼或代码检索",
        "isStrict":false,
        "isAdd":false
      },
      {
        "SERIALNO":258,
        "DOMAIN":0,
        "USERID":null,
        "HOSPITALCODE":null,
        "SUBSYSCODE":"LIMS",
        "MODULECODE":"LIS_REPORTINPUT.PATREG",
        "MODULENAME":"报告管理.患者登记",
        "TABLENAME":"LIS_LIST",
        "FIELDNAME":"BEDNO",
        "FIELDINTER":"BEDNO",
        "FIELDDESC":"床号",
        "EDITOR":"text",
        "MEMCODE1":"ch",
        "MEMCODE2":"BEDNO",
        "REMARK":"床号",
        "ORDERNO":12,
        "RESERVEFIELD1":null,
        "RESERVEFIELD2":null,
        "RESERVEFIELD3":null,
        "RESERVEFIELD4":null,
        "RESERVEFIELD5":null,
        "VISIBLE":"1",
        "STOPFLAG":"0",
        "CLASSCODE":"",
        "IMENAME":"英文",
        "KEEPVALUE":"0",
        "READONLY":"0",
        "DEFVALUE":"",
        "HINTCONTENT":null,
        "isStrict":false,
        "isAdd":false
      },
      {
        "SERIALNO":259,
        "DOMAIN":0,
        "USERID":null,
        "HOSPITALCODE":null,
        "SUBSYSCODE":"LIMS",
        "MODULECODE":"LIS_REPORTINPUT.PATREG",
        "MODULENAME":"报告管理.患者登记",
        "TABLENAME":"LIS_LIST",
        "FIELDNAME":"CHARGETYPENAME",
        "FIELDINTER":"CHARGETYPE",
        "FIELDDESC":"付费类别",
        "EDITOR":"text-search",
        "MEMCODE1":"fb",
        "MEMCODE2":"CHARGETYPE",
        "REMARK":"费别",
        "ORDERNO":13,
        "RESERVEFIELD1":null,
        "RESERVEFIELD2":null,
        "RESERVEFIELD3":null,
        "RESERVEFIELD4":null,
        "RESERVEFIELD5":null,
        "VISIBLE":"1",
        "STOPFLAG":"0",
        "CLASSCODE":"付费类别",
        "IMENAME":"英文",
        "KEEPVALUE":"1",
        "READONLY":"0",
        "DEFVALUE":"",
        "HINTCONTENT":"输入费别简拼或代码检索",
        "isStrict":false,
        "isAdd":false
      },
      {
        "SERIALNO":260,
        "DOMAIN":0,
        "USERID":null,
        "HOSPITALCODE":null,
        "SUBSYSCODE":"LIMS",
        "MODULECODE":"LIS_REPORTINPUT.PATREG",
        "MODULENAME":"报告管理.患者登记",
        "TABLENAME":"LIS_LIST",
        "FIELDNAME":"APPLYDOCNAME",
        "FIELDINTER":"APPLYDOCCODE",
        "FIELDDESC":"申请医生",
        "EDITOR":"text-search",
        "MEMCODE1":"sqys",
        "MEMCODE2":"APPLYDOC",
        "REMARK":"申请医生",
        "ORDERNO":14,
        "RESERVEFIELD1":null,
        "RESERVEFIELD2":null,
        "RESERVEFIELD3":null,
        "RESERVEFIELD4":null,
        "RESERVEFIELD5":null,
        "VISIBLE":"1",
        "STOPFLAG":"0",
        "CLASSCODE":"申请医生",
        "IMENAME":"英文",
        "KEEPVALUE":"0",
        "READONLY":"0",
        "DEFVALUE":"",
        "HINTCONTENT":"输入医生代码或简拼检索",
        "isStrict":false,
        "isAdd":false
      },
      {
        "SERIALNO":261,
        "DOMAIN":0,
        "USERID":null,
        "HOSPITALCODE":null,
        "SUBSYSCODE":"LIMS",
        "MODULECODE":"LIS_REPORTINPUT.PATREG",
        "MODULENAME":"报告管理.患者登记",
        "TABLENAME":"LIS_LIST",
        "FIELDNAME":"EXECDOCNAME",
        "FIELDINTER":"EXECDOCCODE",
        "FIELDDESC":"检验医生",
        "EDITOR":"text-search",
        "MEMCODE1":"jyys",
        "MEMCODE2":"EXECDOC",
        "REMARK":"检验医生，默认为当前用户",
        "ORDERNO":15,
        "RESERVEFIELD1":null,
        "RESERVEFIELD2":null,
        "RESERVEFIELD3":null,
        "RESERVEFIELD4":null,
        "RESERVEFIELD5":null,
        "VISIBLE":"1",
        "STOPFLAG":"0",
        "CLASSCODE":"检验医生",
        "IMENAME":"英文",
        "KEEPVALUE":"1",
        "READONLY":"0",
        "DEFVALUE":"@UserID",
        "HINTCONTENT":"输入医生代码或简拼检索",
        "isStrict":false,
        "isAdd":false
      },
      {
        "SERIALNO":262,
        "DOMAIN":0,
        "USERID":null,
        "HOSPITALCODE":null,
        "SUBSYSCODE":"LIMS",
        "MODULECODE":"LIS_REPORTINPUT.PATREG",
        "MODULENAME":"报告管理.患者登记",
        "TABLENAME":"LIS_LIST",
        "FIELDNAME":"SAMPLETIME",
        "FIELDINTER":"SAMPLETIME",
        "FIELDDESC":"采样时间",
        "EDITOR":"datetime",
        "MEMCODE1":"cysj",
        "MEMCODE2":"SAMPLETIME",
        "REMARK":"采样时间",
        "ORDERNO":16,
        "RESERVEFIELD1":null,
        "RESERVEFIELD2":null,
        "RESERVEFIELD3":null,
        "RESERVEFIELD4":null,
        "RESERVEFIELD5":null,
        "VISIBLE":"1",
        "STOPFLAG":"0",
        "CLASSCODE":"",
        "IMENAME":"英文",
        "KEEPVALUE":"0",
        "READONLY":"0",
        "DEFVALUE":"@SysDate",
        "HINTCONTENT":null,
        "isStrict":false,
        "isAdd":false
      },
      {
        "SERIALNO":263,
        "DOMAIN":0,
        "USERID":null,
        "HOSPITALCODE":null,
        "SUBSYSCODE":"LIMS",
        "MODULECODE":"LIS_REPORTINPUT.PATREG",
        "MODULENAME":"报告管理.患者登记",
        "TABLENAME":"LIS_LIST",
        "FIELDNAME":"RECEIVETIME",
        "FIELDINTER":"RECEIVETIME",
        "FIELDDESC":"送检时间",
        "EDITOR":"datetime",
        "MEMCODE1":"sjsj",
        "MEMCODE2":"RECEIVETIME",
        "REMARK":"送检时间",
        "ORDERNO":17,
        "RESERVEFIELD1":null,
        "RESERVEFIELD2":null,
        "RESERVEFIELD3":null,
        "RESERVEFIELD4":null,
        "RESERVEFIELD5":null,
        "VISIBLE":"1",
        "STOPFLAG":"0",
        "CLASSCODE":"",
        "IMENAME":"英文",
        "KEEPVALUE":"0",
        "READONLY":"0",
        "DEFVALUE":"@SysDate",
        "HINTCONTENT":null,
        "isStrict":false,
        "isAdd":false
      },
      {
        "SERIALNO":264,
        "DOMAIN":0,
        "USERID":null,
        "HOSPITALCODE":null,
        "SUBSYSCODE":"LIMS",
        "MODULECODE":"LIS_REPORTINPUT.PATREG",
        "MODULENAME":"报告管理.患者登记",
        "TABLENAME":"LIS_LIST",
        "FIELDNAME":"CLINICDESC",
        "FIELDINTER":"CLINICDESC",
        "FIELDDESC":"临床诊断",
        "EDITOR":"text-search",
        "MEMCODE1":"lczd",
        "MEMCODE2":"CLINICDESC",
        "REMARK":"临床诊断",
        "ORDERNO":18,
        "RESERVEFIELD1":null,
        "RESERVEFIELD2":null,
        "RESERVEFIELD3":null,
        "RESERVEFIELD4":null,
        "RESERVEFIELD5":null,
        "VISIBLE":"1",
        "STOPFLAG":"0",
        "CLASSCODE":"临床诊断",
        "IMENAME":"英文",
        "KEEPVALUE":"0",
        "READONLY":"0",
        "DEFVALUE":"",
        "HINTCONTENT":"输入诊断代码或简拼检索",
        "isStrict":false,
        "isAdd":false
      },
      {
        "SERIALNO":265,
        "DOMAIN":0,
        "USERID":null,
        "HOSPITALCODE":null,
        "SUBSYSCODE":"LIMS",
        "MODULECODE":"LIS_REPORTINPUT.PATREG",
        "MODULENAME":"报告管理.患者登记",
        "TABLENAME":"LIS_LIST",
        "FIELDNAME":"SAMPLEDESCNAME",
        "FIELDINTER":"SAMPLEDESCCODE",
        "FIELDDESC":"标本说明",
        "EDITOR":"text-search",
        "MEMCODE1":"bbsm",
        "MEMCODE2":"sampledesc",
        "REMARK":"标本说明",
        "ORDERNO":19,
        "RESERVEFIELD1":null,
        "RESERVEFIELD2":null,
        "RESERVEFIELD3":null,
        "RESERVEFIELD4":null,
        "RESERVEFIELD5":null,
        "VISIBLE":"1",
        "STOPFLAG":"0",
        "CLASSCODE":"标本说明",
        "IMENAME":"英文",
        "KEEPVALUE":"0",
        "READONLY":"0",
        "DEFVALUE":"",
        "HINTCONTENT":"输入标本说明代码或简拼检索",
        "isStrict":false,
        "isAdd":false
      },
      {
        "SERIALNO":266,
        "DOMAIN":0,
        "USERID":null,
        "HOSPITALCODE":null,
        "SUBSYSCODE":"LIMS",
        "MODULECODE":"LIS_REPORTINPUT.PATREG",
        "MODULENAME":"报告管理.患者登记",
        "TABLENAME":"LIS_LIST",
        "FIELDNAME":"PATPROPNAME",
        "FIELDINTER":"PATPROPCODE",
        "FIELDDESC":"病人特征",
        "EDITOR":"combobox",
        "MEMCODE1":"brtz",
        "MEMCODE2":"PATPROP",
        "REMARK":"病人特征",
        "ORDERNO":20,
        "RESERVEFIELD1":null,
        "RESERVEFIELD2":null,
        "RESERVEFIELD3":null,
        "RESERVEFIELD4":null,
        "RESERVEFIELD5":null,
        "VISIBLE":"1",
        "STOPFLAG":"0",
        "CLASSCODE":"病人特征",
        "IMENAME":"英文",
        "KEEPVALUE":"0",
        "READONLY":"0",
        "DEFVALUE":"",
        "HINTCONTENT":null,
        "isStrict":false,
        "isAdd":false
      },
      {
        "SERIALNO":267,
        "DOMAIN":0,
        "USERID":null,
        "HOSPITALCODE":null,
        "SUBSYSCODE":"LIMS",
        "MODULECODE":"LIS_REPORTINPUT.PATREG",
        "MODULENAME":"报告管理.患者登记",
        "TABLENAME":"LIS_LIST",
        "FIELDNAME":"REMARK",
        "FIELDINTER":"REMARK",
        "FIELDDESC":"备注",
        "EDITOR":"text-search",
        "MEMCODE1":"bz",
        "MEMCODE2":"REMARK",
        "REMARK":"备注",
        "ORDERNO":21,
        "RESERVEFIELD1":null,
        "RESERVEFIELD2":null,
        "RESERVEFIELD3":null,
        "RESERVEFIELD4":null,
        "RESERVEFIELD5":null,
        "VISIBLE":"1",
        "STOPFLAG":"0",
        "CLASSCODE":"报告备注",
        "IMENAME":"中文",
        "KEEPVALUE":"0",
        "READONLY":"0",
        "DEFVALUE":"",
        "HINTCONTENT":"输入备注代码或简拼检索",
        "isStrict":false,
        "isAdd":true
      }
    ]
  },
  "failtCode":"",
  "link":"",
  "message":"",
  "messageCode":"",
  "type":"SUCCESS"
}
