{
  "data":{
    "data":[
      {
        name: '血常规',
        price:'234.5',
        number:1,
        status:'未确认',
        pay:'未收费',
        operation:[],
        type:'下载',
        accountType:'全院记账',
        applyDoc:'李四',
        applyDepart:'呼吸科',
        applyTime:'2016-12-22'
      }, {
        name: '血常规',
        price:'234.5',
        number:1,
        status:'未确认',
        pay:'未收费',
        operation:[],
        type:'下载',
        accountType:'全院记账',
        applyDoc:'李四',
        applyDepart:'呼吸科',
        applyTime:'2016-12-22'
      }, {
        name: '血常规',
        price:'234.5',
        number:1,
        status:'未确认',
        pay:'未收费',
        operation:[],
        type:'下载',
        accountType:'全院记账',
        applyDoc:'李四',
        applyDepart:'呼吸科',
        applyTime:'2016-12-22'
      }, {
        name: '血常规',
        price:'234.5',
        number:1,
        status:'未确认',
        pay:'未收费',
        operation:[],
        type:'下载',
        accountType:'全院记账',
        applyDoc:'李四',
        applyDepart:'呼吸科',
        applyTime:'2016-12-22'
      }]
  },
  "failtCode":"",
  "link":"",
  "message":"",
  "messageCode":"",
  "type":"SUCCESS"
}
