{
  "data":[
    {
      "titile":"儿童科（消化科室）",
      "yText":["1","标本凝集","血培养","采集时机","标本量","标本容器","标本类型","标本标签"],
      "min":0,
      "max":15,
      "interval":2.5,
      "series":{
        "data": [2, 2.5, 3, 1.3, 10.6, 15.0,5.2,3],
        "color":["#C1232B","#B5C334","#FCCE10","#E87C25","#27727B","#FE8463","#9BCA63","#FAD860"]
      },
      "isOpen":true
    },
    {
      "titile":"儿一科病区（儿一科室）",
      "yText":["2","标本凝集","血培养","采集时机","标本量","标本容器","标本类型","标本标签"],
      "min":0,
      "max":15,
      "interval":2.5,
      "series":{
        "data": [2, 6, 3, 1.3, 10.6, 3.6,5.2,3],
        "color":["#C1232B","#B5C334","#FCCE10","#E87C25","#27727B","#FE8463","#9BCA63","#FAD860"]
      },
      "isOpen":true
    },
    {
      "titile":"呼吸内科病区（呼吸内科）",
      "yText":["3","标本凝集","血培养","采集时机","标本量","标本容器","标本类型","标本标签"],
      "min":0,
      "max":15,
      "interval":2.5,
      "series":{
        "data": [2, 4, 6, 8, 10, 12,14,3],
        "color":["#C1232B","#B5C334","#FCCE10","#E87C25","#27727B","#FE8463","#9BCA63","#FAD860"]
      },
      "isOpen":true
    }
  ],
  "failtCode":"",
  "link":"",
  "message":"",
  "messageCode":"",
  "type":"SUCCESS"
}
