{
  "id": "1723561",
  "name": "医技申请单",
  "font_family": "iconfont",
  "css_prefix_text": "icon",
  "description": "",
  "glyphs": [
    {
      "icon_id": "11713033",
      "name": "保存",
      "font_class": "baocun",
      "unicode": "e609",
      "unicode_decimal": 58889
    },
    {
      "icon_id": "11713051",
      "name": "导出",
      "font_class": "daochu",
      "unicode": "e61b",
      "unicode_decimal": 58907
    },
    {
      "icon_id": "11713052",
      "name": "打印",
      "font_class": "dayin",
      "unicode": "e61c",
      "unicode_decimal": 58908
    },
    {
      "icon_id": "11713054",
      "name": "复制",
      "font_class": "fuzhi",
      "unicode": "e61e",
      "unicode_decimal": 58910
    },
    {
      "icon_id": "11713057",
      "name": "导入",
      "font_class": "daoru",
      "unicode": "e621",
      "unicode_decimal": 58913
    },
    {
      "icon_id": "11713063",
      "name": "检验信息",
      "font_class": "jianyanxinxi",
      "unicode": "e627",
      "unicode_decimal": 58919
    },
    {
      "icon_id": "11713064",
      "name": "检查信息",
      "font_class": "jianchaxinxi",
      "unicode": "e628",
      "unicode_decimal": 58920
    },
    {
      "icon_id": "11713066",
      "name": "男青年",
      "font_class": "nanqingnian",
      "unicode": "e62a",
      "unicode_decimal": 58922
    },
    {
      "icon_id": "11713067",
      "name": "奶奶",
      "font_class": "nainai",
      "unicode": "e62b",
      "unicode_decimal": 58923
    },
    {
      "icon_id": "11713068",
      "name": "男童",
      "font_class": "nantong",
      "unicode": "e62c",
      "unicode_decimal": 58924
    },
    {
      "icon_id": "11713069",
      "name": "女青年",
      "font_class": "nvqingnian",
      "unicode": "e62d",
      "unicode_decimal": 58925
    },
    {
      "icon_id": "11713074",
      "name": "女医生",
      "font_class": "nvyisheng",
      "unicode": "e632",
      "unicode_decimal": 58930
    },
    {
      "icon_id": "11713076",
      "name": "女童",
      "font_class": "nvtong",
      "unicode": "e634",
      "unicode_decimal": 58932
    },
    {
      "icon_id": "11713077",
      "name": "爷爷",
      "font_class": "yeye",
      "unicode": "e635",
      "unicode_decimal": 58933
    },
    {
      "icon_id": "11713081",
      "name": "男医生",
      "font_class": "nanyisheng",
      "unicode": "e639",
      "unicode_decimal": 58937
    },
    {
      "icon_id": "11713083",
      "name": "婴儿",
      "font_class": "yinger",
      "unicode": "e63b",
      "unicode_decimal": 58939
    },
    {
      "icon_id": "13153190",
      "name": "患者信息",
      "font_class": "weibiaoti-_huaban",
      "unicode": "e63c",
      "unicode_decimal": 58940
    },
    {
      "icon_id": "13153836",
      "name": "分组",
      "font_class": "fenzu",
      "unicode": "e63f",
      "unicode_decimal": 58943
    },
    {
      "icon_id": "13153839",
      "name": "取消分组",
      "font_class": "quxiaofenzu",
      "unicode": "e642",
      "unicode_decimal": 58946
    },
    {
      "icon_id": "13153844",
      "name": "提交",
      "font_class": "tijiao1",
      "unicode": "e646",
      "unicode_decimal": 58950
    },
    {
      "icon_id": "13153851",
      "name": "预约申请",
      "font_class": "yuyueshenqing",
      "unicode": "e64d",
      "unicode_decimal": 58957
    },
    {
      "icon_id": "13153854",
      "name": "医技报告",
      "font_class": "yijibaogao",
      "unicode": "e650",
      "unicode_decimal": 58960
    },
    {
      "icon_id": "13153858",
      "name": "删除",
      "font_class": "shanchu",
      "unicode": "e654",
      "unicode_decimal": 58964
    },
    {
      "icon_id": "13153905",
      "name": "新增",
      "font_class": "weibiaoti--",
      "unicode": "e655",
      "unicode_decimal": 58965
    },
    {
      "icon_id": "13199095",
      "name": "医技",
      "font_class": "yiji",
      "unicode": "e658",
      "unicode_decimal": 58968
    },
    {
      "icon_id": "13199100",
      "name": "刷新",
      "font_class": "shuaxin",
      "unicode": "e65d",
      "unicode_decimal": 58973
    },
    {
      "icon_id": "13542545",
      "name": "收藏-02",
      "font_class": "shoucang-",
      "unicode": "e65e",
      "unicode_decimal": 58974
    },
    {
      "icon_id": "13542566",
      "name": "收藏",
      "font_class": "shoucang",
      "unicode": "e65f",
      "unicode_decimal": 58975
    }
  ]
}
